Rk;Player;Nation;Pos;Squad;Age;Born;90s;SCA;SCA90;PassLive;PassDead;Drib;Sh;Fld;Def;GCA;GCA90;PassLive;PassDead;Drib;Sh;Fld;Def;OG
1;Patrick van Aanholt;nl NED;DF;Crystal Palace;30-113;1990;8.2;17;2.07;15;2;0;0;0;0;2;0.24;2;0;0;0;0;0;0
2;Tammy Abraham;eng ENG;FW;Chelsea;23-079;1997;6.7;14;2.09;8;0;1;2;3;0;2;0.30;1;0;0;0;1;0;0
3;Che Adams;eng ENG;FW;Southampton;24-160;1996;13.3;27;2.03;21;0;1;3;2;0;5;0.38;5;0;0;0;0;0;0
4;Tosin Adarabioyo;eng ENG;DF;Fulham;23-087;1997;10.0;8;0.80;8;0;0;0;0;0;1;0.10;1;0;0;0;0;0;0
5;Adrián;es ESP;GK;Liverpool;33-352;1987;2.0;0;0.00;0;0;0;0;0;0;0;0.00;0;0;0;0;0;0;0
6;Sergio Agüero;ar ARG;FW;Manchester City;32-201;1988;1.4;4;2.90;4;0;0;0;0;0;0;0.00;0;0;0;0;0;0;0
7;Ola Aina;ng NGA;DF;Fulham;24-073;1996;11.0;12;1.09;11;1;0;0;0;0;1;0.09;1;0;0;0;0;0;0
8;Rayan Aït Nouri;fr FRA;DF;Wolves;19-197;2001;3.1;5;1.64;5;0;0;0;0;0;0;0.00;0;0;0;0;0;0;0
9;Semi Ajayi;ng NGA;DF;West Brom;27-041;1993;12.0;3;0.25;2;0;0;1;0;0;2;0.17;1;0;0;1;0;0;0
10;Nathan Aké;nl NED;DF;Manchester City;25-306;1995;4.2;2;0.47;2;0;0;0;0;0;0;0.00;0;0;0;0;0;0;0
11;Marc Albrighton;eng ENG;DF,MF;Leicester City;31-032;1989;4.9;13;2.64;10;0;2;1;0;0;2;0.41;1;0;0;1;0;0;0
12;Thiago Alcántara;es ESP;MF;Liverpool;29-253;1991;1.5;6;4.00;5;1;0;0;0;0;0;0.00;0;0;0;0;0;0;0
13;Toby Alderweireld;be BEL;DF;Tottenham;31-293;1989;8.9;8;0.90;7;0;0;1;0;0;3;0.34;3;0;0;0;0;0;0
14;Trent Alexander-Arnold;eng ENG;DF;Liverpool;22-074;1998;10.7;28;2.62;19;8;1;0;0;0;3;0.28;3;0;0;0;0;0;0
15;Ezgjan Alioski;mk MKD;DF,MF;Leeds United;28-312;1992;7.1;18;2.53;17;0;0;0;1;0;0;0.00;0;0;0;0;0;0;0
16;Alisson;br BRA;GK;Liverpool;28-079;1992;11.0;2;0.18;2;0;0;0;0;0;0;0.00;0;0;0;0;0;0;0
17;Allan;br BRA;MF;Everton;29-347;1991;11.4;17;1.49;12;0;3;1;1;0;1;0.09;1;0;0;0;0;0;0
18;Dele Alli;eng ENG;MF,FW;Tottenham;24-253;1996;0.9;3;3.51;1;0;0;0;2;0;0;0.00;0;0;0;0;0;0;0
19;Miguel Almirón;py PAR;MF,FW;Newcastle Utd;26-314;1994;7.5;16;2.13;14;0;1;0;1;0;2;0.27;2;0;0;0;0;0;0
20;Marcos Alonso;es ESP;DF;Chelsea;29-358;1990;2.5;4;1.60;4;0;0;0;0;0;0;0.00;0;0;0;0;0;0;0
21;Steven Alzate;co COL;MF;Brighton;22-103;1998;5.3;17;3.21;14;0;1;2;0;0;1;0.19;1;0;0;0;0;0;0
22;Daniel Amartey;gh GHA;DF;Leicester City;25-365;1994;1.6;0;0.00;0;0;0;0;0;0;0;0.00;0;0;0;0;0;0;0
23;Ethan Ampadu;wal WAL;MF,DF;Sheffield Utd;20-097;2000;6.1;5;0.83;5;0;0;0;0;0;0;0.00;0;0;0;0;0;0;0
24;Joachim Andersen;dk DEN;DF;Fulham;24-203;1996;7.7;5;0.65;5;0;0;0;0;0;1;0.13;1;0;0;0;0;0;0
25;Felipe Anderson;br BRA;FW,MF;West Ham;27-249;1993;0.0;0;0.00;0;0;0;0;0;0;0;0.00;0;0;0;0;0;0;0
26;Michail Antonio;eng ENG;FW;West Ham;30-267;1990;5.8;21;3.59;10;1;1;3;6;0;2;0.34;0;1;0;0;1;0;0
27;Alphonse Areola;fr FRA;GK;Fulham;27-297;1993;13.0;0;0.00;0;0;0;0;0;0;0;0.00;0;0;0;0;0;0;0
28;Stuart Armstrong;sco SCO;MF;Southampton;28-265;1992;10.4;20;1.93;18;0;1;0;0;1;6;0.58;4;0;1;0;0;1;0
29;Kepa Arrizabalaga;es ESP;GK;Chelsea;26-078;1994;3.0;1;0.33;1;0;0;0;0;0;0;0.00;0;0;0;0;0;0;0
30;Pierre-Emerick Aubameyang;ga GAB;FW;Arsenal;31-185;1989;13.0;25;1.93;20;0;1;1;3;0;3;0.23;3;0;0;0;0;0;0
31;Serge Aurier;ci CIV;DF;Tottenham;27-362;1992;7.0;9;1.29;7;0;1;1;0;0;1;0.14;1;0;0;0;0;0;0
32;Charlie Austin;eng ENG;FW;West Brom;31-168;1989;0.7;0;0.00;0;0;0;0;0;0;0;0.00;0;0;0;0;0;0;0
33;Jordan Ayew;gh GHA;FW;Crystal Palace;29-100;1991;7.9;12;1.53;5;0;2;1;3;1;2;0.25;1;0;0;1;0;0;0
34;Luke Ayling;eng ENG;DF;Leeds United;29-117;1991;12.8;22;1.72;19;0;2;1;0;0;1;0.08;1;0;0;0;0;0;0
35;César Azpilicueta;es ESP;DF;Chelsea;31-114;1989;3.6;6;1.68;6;0;0;0;0;0;1;0.28;1;0;0;0;0;0;0
36;Eric Bailly;ci CIV;DF;Manchester Utd;26-252;1994;1.1;0;0.00;0;0;0;0;0;0;0;0.00;0;0;0;0;0;0;0
37;Fabián Balbuena;py PAR;DF;West Ham;29-119;1991;10.0;2;0.20;2;0;0;0;0;0;0;0.00;0;0;0;0;0;0;0
38;George Baldock;eng ENG;DF;Sheffield Utd;27-286;1993;13.0;19;1.46;15;0;1;2;0;1;1;0.08;1;0;0;0;0;0;0
39;Gareth Bale;wal WAL;FW;Tottenham;31-157;1989;1.3;4;3.08;1;1;1;1;0;0;0;0.00;0;0;0;0;0;0;0
40;Patrick Bamford;eng ENG;FW;Leeds United;27-106;1993;12.2;17;1.40;11;0;2;1;2;1;6;0.49;2;0;2;0;2;0;0
41;Phil Bardsley;sco SCO;DF;Burnley;35-175;1985;3.0;3;1.00;1;0;1;0;1;0;0;0.00;0;0;0;0;0;0;0
42;Ross Barkley;eng ENG;MF;Aston Villa;27-015;1993;5.0;29;5.75;15;9;4;1;0;0;4;0.79;3;1;0;0;0;0;0
43;Ross Barkley;eng ENG;MF;Chelsea;27-015;1993;0.5;3;6.43;2;0;1;0;0;0;0;0.00;0;0;0;0;0;0;0
44;Ashley Barnes;eng ENG;FW,MF;Burnley;31-051;1989;5.9;17;2.86;13;0;0;3;0;1;0;0.00;0;0;0;0;0;0;0
45;Harvey Barnes;eng ENG;MF,FW;Leicester City;23-011;1997;9.3;21;2.26;13;0;4;3;1;0;3;0.32;1;0;2;0;0;0;0
46;Kyle Bartley;eng ENG;DF;West Brom;29-212;1991;8.0;4;0.50;2;0;0;2;0;0;0;0.00;0;0;0;0;0;0;0
47;Chris Basham;eng ENG;DF;Sheffield Utd;32-153;1988;11.8;11;0.93;9;0;1;0;1;0;0;0.00;0;0;0;0;0;0;0
48;Michy Batshuayi;be BEL;FW;Crystal Palace;27-079;1993;4.6;8;1.75;4;1;1;0;2;0;2;0.44;1;0;0;0;1;0;0
49;Jan Bednarek;pl POL;DF;Southampton;24-252;1996;13.0;6;0.46;6;0;0;0;0;0;1;0.08;1;0;0;0;0;0;0
50;Donny van de Beek;nl NED;MF,FW;Manchester Utd;23-246;1997;2.6;7;2.66;7;0;0;0;0;0;0;0.00;0;0;0;0;0;0;0
51;Héctor Bellerín;es ESP;DF;Arsenal;25-276;1995;11.6;21;1.81;19;1;0;0;1;0;4;0.34;3;0;0;0;1;0;0
52;Saïd Benrahma;dz ALG;MF,FW;West Ham;25-132;1995;2.8;10;3.57;7;0;1;1;1;0;2;0.71;2;0;0;0;0;0;0
53;Josh Benson;eng ENG;MF;Burnley;21-015;1999;1.1;1;0.95;1;0;0;0;0;0;0;0.00;0;0;0;0;0;0;0
54;Christian Benteke;be BEL;FW;Crystal Palace;30-017;1990;3.5;11;3.16;10;0;0;0;1;0;0;0.00;0;0;0;0;0;0;0
55;Jóhann Berg Guðmundsson;is ISL;MF;Burnley;30-054;1990;2.7;3;1.13;3;0;0;0;0;0;0;0.00;0;0;0;0;0;0;0
56;Sander Berge;no NOR;MF;Sheffield Utd;22-310;1998;11.3;22;1.95;18;0;2;1;0;1;1;0.09;0;0;0;1;0;0;0
57;Steven Bergwijn;nl NED;FW,MF;Tottenham;23-073;1997;6.2;16;2.56;12;1;0;0;3;0;0;0.00;0;0;0;0;0;0;0
58;Bernard;br BRA;MF,FW;Everton;28-103;1992;1.9;10;5.14;8;0;1;0;1;0;0;0.00;0;0;0;0;0;0;0
59;Bernardo;br BRA;DF;Brighton;25-220;1995;0.3;0;0.00;0;0;0;0;0;0;0;0.00;0;0;0;0;0;0;0
60;Ryan Bertrand;eng ENG;DF;Southampton;31-137;1989;12.9;16;1.24;11;4;0;0;1;0;1;0.08;1;0;0;0;0;0;0
61;Yves Bissouma;ml MLI;MF;Brighton;24-112;1996;11.8;16;1.36;13;0;0;2;0;1;1;0.08;1;0;0;0;0;0;0
62;Willy Boly;ci CIV;DF;Wolves;29-321;1991;12.0;8;0.67;7;0;0;1;0;0;0;0.00;0;0;0;0;0;0;0
63;Jarrod Bowen;eng ENG;MF,FW;West Ham;24-000;1996;11.8;39;3.29;23;5;3;6;1;1;4;0.34;2;2;0;0;0;0;0
64;Robbie Brady;ie IRL;MF;Burnley;28-341;1992;5.0;4;0.80;4;0;0;0;0;0;0;0.00;0;0;0;0;0;0;0
65;Rhian Brewster;eng ENG;FW,MF;Sheffield Utd;20-263;2000;3.9;8;2.04;6;0;0;1;1;0;0;0.00;0;0;0;0;0;0;0
66;Josh Brownhill;eng ENG;MF;Burnley;25-001;1995;11.0;17;1.55;12;0;2;1;1;1;0;0.00;0;0;0;0;0;0;0
67;Joe Bryan;eng ENG;DF,FW;Fulham;27-094;1993;3.8;8;2.11;4;3;0;0;1;0;1;0.26;0;0;0;0;1;0;0
68;Kean Bryan;eng ENG;DF;Sheffield Utd;24-049;1996;1.7;1;0.59;1;0;0;0;0;0;0;0.00;0;0;0;0;0;0;0
69;Oliver Burke;sco SCO;FW;Sheffield Utd;23-257;1997;5.3;11;2.06;8;0;2;0;0;1;1;0.19;1;0;0;0;0;0;0
70;Dan Burn;eng ENG;DF;Brighton;28-225;1992;5.4;6;1.11;6;0;0;0;0;0;0;0.00;0;0;0;0;0;0;0
71;Oskar Buur;dk DEN;DF;Wolves;22-264;1998;0.2;0;0.00;0;0;0;0;0;0;0;0.00;0;0;0;0;0;0;0
72;Willy Caballero;ar ARG;GK;Chelsea;39-083;1981;1.0;0;0.00;0;0;0;0;0;0;0;0.00;0;0;0;0;0;0;0
73;Gary Cahill;eng ENG;DF;Crystal Palace;35-001;1985;5.0;4;0.80;4;0;0;0;0;0;0;0.00;0;0;0;0;0;0;0
74;Tom Cairney;sco SCO;MF;Fulham;29-335;1991;8.4;35;4.15;21;8;3;1;2;0;2;0.24;2;0;0;0;0;0;0
75;Dominic Calvert-Lewin;eng ENG;FW;Everton;23-279;1997;13.7;26;1.89;15;0;2;5;4;0;7;0.51;2;0;0;4;1;0;0
76;João Cancelo;pt POR;DF,MF;Manchester City;26-207;1994;9.0;31;3.44;26;2;3;0;0;0;4;0.44;4;0;0;0;0;0;0
77;Ian Carlo Poveda;eng ENG;MF,DF;Leeds United;20-315;2000;2.1;7;3.39;4;0;3;0;0;0;0;0.00;0;0;0;0;0;0;0
78;Andy Carroll;eng ENG;FW;Newcastle Utd;31-349;1989;2.0;4;1.97;2;0;1;0;1;0;1;0.49;1;0;0;0;0;0;0
79;Matty Cash;eng ENG;DF;Aston Villa;23-135;1997;9.6;11;1.15;8;1;1;0;1;0;1;0.10;1;0;0;0;0;0;0
80;Timothy Castagne;be BEL;DF;Leicester City;25-015;1995;6.0;7;1.17;5;1;0;0;0;1;2;0.33;2;0;0;0;0;0;0
81;Ivan Cavaleiro;pt POR;FW,MF;Fulham;27-063;1993;9.8;25;2.56;14;6;1;3;0;1;1;0.10;1;0;0;0;0;0;0
82;Edinson Cavani;uy URU;FW;Manchester Utd;33-310;1987;2.0;5;2.56;4;0;0;1;0;0;1;0.51;1;0;0;0;0;0;0
83;Dani Ceballos;es ESP;MF;Arsenal;24-135;1996;9.5;26;2.75;22;2;0;0;1;1;1;0.11;1;0;0;0;0;0;0
84;Ben Chilwell;eng ENG;DF;Chelsea;23-365;1996;9.9;24;2.42;12;9;0;1;1;1;3;0.30;3;0;0;0;0;0;0
85;Hamza Choudhury;eng ENG;MF;Leicester City;23-080;1997;0.2;1;6.00;1;0;0;0;0;0;0;0.00;0;0;0;0;0;0;0
86;Andreas Christensen;dk DEN;DF;Chelsea;24-254;1996;3.5;0;0.00;0;0;0;0;0;0;0;0.00;0;0;0;0;0;0;0
87;Ciaran Clark;ie IRL;DF;Newcastle Utd;31-085;1989;5.0;3;0.60;3;0;0;0;0;0;0;0.00;0;0;0;0;0;0;0
88;Nathaniel Clyne;eng ENG;DF;Crystal Palace;29-259;1991;7.8;4;0.51;3;1;0;0;0;0;1;0.13;1;0;0;0;0;0;0
89;Conor Coady;eng ENG;DF;Wolves;27-299;1993;12.0;4;0.33;3;0;0;0;0;1;0;0.00;0;0;0;0;0;0;0
90;Séamus Coleman;ie IRL;DF;Everton;32-070;1988;5.1;10;1.98;7;1;1;0;1;0;3;0.59;2;0;0;0;1;0;0
91;Aaron Connolly;ie IRL;FW;Brighton;20-327;2000;5.0;8;1.61;4;0;2;0;2;0;1;0.20;1;0;0;0;0;0;0
92;Liam Cooper;sco SCO;DF;Leeds United;29-112;1991;10.0;6;0.60;4;0;0;1;0;1;2;0.20;2;0;0;0;0;0;0
93;Hélder Costa;pt POR;MF;Leeds United;26-343;1994;7.4;16;2.15;12;0;1;1;2;0;2;0.27;2;0;0;0;0;0;0
94;Vladimír Coufal;cz CZE;DF;West Ham;28-120;1992;9.9;23;2.32;21;2;0;0;0;0;3;0.30;3;0;0;0;0;0;0
95;Aaron Cresswell;eng ENG;DF;West Ham;31-005;1989;13.0;36;2.77;17;17;0;1;1;0;5;0.38;2;2;0;0;1;0;0
96;Stuart Dallas;nir NIR;DF,MF;Leeds United;29-245;1991;12.9;18;1.40;14;0;1;2;0;1;0;0.00;0;0;0;0;0;0;0
97;Scott Dann;eng ENG;DF;Crystal Palace;33-310;1987;7.0;3;0.43;2;0;0;0;0;1;0;0.00;0;0;0;0;0;0;0
98;Karl Darlow;eng ENG;GK;Newcastle Utd;30-073;1990;13.0;2;0.15;1;1;0;0;0;0;1;0.08;1;0;0;0;0;0;0
99;Ben Davies;wal WAL;DF;Tottenham;27-240;1993;5.6;6;1.08;4;0;1;0;1;0;2;0.36;0;0;1;0;1;0;0
100;Tom Davies;eng ENG;MF,DF;Everton;22-173;1998;2.9;7;2.39;7;0;0;0;0;0;0;0.00;0;0;0;0;0;0;0
101;Keinan Davis;eng ENG;FW;Aston Villa;22-311;1998;0.4;2;4.50;2;0;0;0;0;0;0;0.00;0;0;0;0;0;0;0
102;Leif Davis;eng ENG;DF;Leeds United;20-343;2000;0.2;1;6.43;1;0;0;0;0;0;0;0.00;0;0;0;0;0;0;0
103;Kevin De Bruyne;be BEL;MF;Manchester City;29-175;1991;11.3;72;6.40;49;12;4;2;2;3;12;1.07;9;0;1;0;1;1;0
104;Liam Delap;eng ENG;FW;Manchester City;17-316;2003;0.4;0;0.00;0;0;0;0;0;0;0;0.00;0;0;0;0;0;0;0
105;Fabian Delph;eng ENG;MF,DF;Everton;31-029;1989;2.4;2;0.84;1;1;0;0;0;0;0;0.00;0;0;0;0;0;0;0
106;Leander Dendoncker;be BEL;MF;Wolves;25-249;1995;10.5;18;1.71;15;0;0;3;0;0;2;0.19;0;0;0;2;0;0;0
107;Ibrahima Diallo;fr FRA;MF;Southampton;21-287;1999;0.3;1;3.21;1;0;0;0;0;0;0;0.00;0;0;0;0;0;0;0
108;Grady Diangana;eng ENG;MF,FW;West Brom;22-245;1998;8.7;15;1.72;9;1;1;3;1;0;0;0.00;0;0;0;0;0;0;0
109;Raphael Dias Belloli;br BRA;MF;Leeds United;24-006;1996;5.6;21;3.74;14;3;2;1;0;1;1;0.18;1;0;0;0;0;0;0
110;Rúben Dias;pt POR;DF;Manchester City;23-220;1997;10.8;7;0.65;6;0;0;0;1;0;0;0.00;0;0;0;0;0;0;0
111;Eric Dier;eng ENG;DF;Tottenham;26-340;1994;12.0;5;0.42;5;0;0;0;0;0;0;0.00;0;0;0;0;0;0;0
112;Lucas Digne;fr FRA;DF;Everton;27-153;1993;7.8;19;2.44;12;6;0;1;0;0;5;0.64;3;1;0;1;0;0;0
113;Virgil van Dijk;nl NED;DF;Liverpool;29-165;1991;4.1;1;0.24;1;0;0;0;0;0;0;0.00;0;0;0;0;0;0;0
114;Issa Diop;fr FRA;DF;West Ham;23-346;1997;3.3;0;0.00;0;0;0;0;0;0;0;0.00;0;0;0;0;0;0;0
115;Moussa Djenepo;ml MLI;MF;Southampton;22-188;1998;6.5;20;3.07;10;0;8;0;2;0;4;0.61;1;0;2;0;1;0;0
116;Matt Doherty;ie IRL;DF;Tottenham;28-339;1992;5.8;13;2.23;11;1;0;0;1;0;1;0.17;1;0;0;0;0;0;0
117;Gabriel Dos Santos;br BRA;DF;Arsenal;23-001;1997;11.7;6;0.51;4;0;0;2;0;0;0;0.00;0;0;0;0;0;0;0
118;Abdoulaye Doucouré;fr FRA;MF;Everton;27-354;1993;13.1;19;1.45;18;0;1;0;0;0;2;0.15;2;0;0;0;0;0;0
119;Paul Dummett;wal WAL;DF;Newcastle Utd;29-085;1991;0.9;0;0.00;0;0;0;0;0;0;0;0.00;0;0;0;0;0;0;0
120;Lewis Dunk;eng ENG;DF;Brighton;29-029;1991;10.0;5;0.50;4;0;0;1;0;0;0;0.00;0;0;0;0;0;0;0
121;Jimmy Dunne;ie IRL;DF;Burnley;23-062;1997;2.0;3;1.50;3;0;0;0;0;0;0;0.00;0;0;0;0;0;0;0
122;Ederson;br BRA;GK;Manchester City;27-125;1993;13.0;1;0.08;1;0;0;0;0;0;0;0.00;0;0;0;0;0;0;0
123;Kyle Edwards;eng ENG;MF,FW;West Brom;22-307;1998;1.3;1;0.76;1;0;0;0;0;0;0;0.00;0;0;0;0;0;0;0
124;John Egan;ie IRL;DF;Sheffield Utd;28-061;1992;11.1;7;0.63;7;0;0;0;0;0;0;0.00;0;0;0;0;0;0;0
125;Ahmed Elmohamady;eg EGY;DF;Aston Villa;33-102;1987;1.4;11;7.73;8;1;0;1;0;1;1;0.70;0;1;0;0;0;0;0
126;Mohamed Elneny;eg EGY;MF;Arsenal;28-162;1992;7.7;11;1.43;9;0;1;1;0;0;0;0.00;0;0;0;0;0;0;0
127;Jonny Evans;nir NIR;DF;Leicester City;32-352;1988;8.9;4;0.45;4;0;0;0;0;0;0;0.00;0;0;0;0;0;0;0
128;Eberechi Eze;eng ENG;MF,FW;Crystal Palace;22-174;1998;9.1;29;3.18;16;6;1;1;5;0;2;0.22;0;1;0;0;1;0;0
129;Łukasz Fabiański;pl POL;GK;West Ham;35-246;1985;13.0;1;0.08;0;1;0;0;0;0;0;0.00;0;0;0;0;0;0;0
130;Fabinho;br BRA;DF,MF;Liverpool;27-058;1993;11.4;8;0.70;6;0;0;0;1;1;1;0.09;0;0;0;0;1;0;0
131;Bruno Fernandes;pt POR;MF;Manchester Utd;26-103;1994;10.7;61;5.70;43;10;1;2;4;1;11;1.03;8;2;0;1;0;0;0
132;Federico Fernández;ar ARG;DF;Newcastle Utd;31-303;1989;11.5;2;0.17;2;0;0;0;0;0;0;0.00;0;0;0;0;0;0;0
133;Fernandinho;br BRA;MF;Manchester City;35-230;1985;3.2;5;1.55;3;0;1;0;0;1;0;0.00;0;0;0;0;0;0;0
134;Sam Field;eng ENG;MF;West Brom;22-226;1998;0.7;0;0.00;0;0;0;0;0;0;0;0.00;0;0;0;0;0;0;0
135;Roberto Firmino;br BRA;FW,MF;Liverpool;29-079;1991;12.5;40;3.21;28;0;4;4;3;1;4;0.32;4;0;0;0;0;0;0
136;John Fleck;sco SCO;MF;Sheffield Utd;29-118;1991;7.0;18;2.57;11;5;0;2;0;0;0;0.00;0;0;0;0;0;0;0
137;Phil Foden;eng ENG;FW,DF;Manchester City;20-206;2000;5.6;16;2.86;10;0;4;1;0;1;3;0.54;2;0;0;1;0;0;0
138;Wesley Fofana;fr FRA;DF;Leicester City;20-003;2000;9.0;7;0.78;6;0;0;0;0;1;0;0.00;0;0;0;0;0;0;0
139;Pablo Fornals;es ESP;MF,FW;West Ham;24-302;1996;11.5;23;2.00;18;1;0;2;2;0;4;0.35;1;1;0;2;0;0;0
140;Timothy Fosu-Mensah;nl NED;DF;Manchester Utd;22-353;1998;0.9;4;4.50;4;0;0;0;0;0;0;0.00;0;0;0;0;0;0;0
141;Ryan Fraser;sco SCO;MF;Newcastle Utd;26-300;1994;3.1;7;2.29;4;2;0;0;1;0;3;0.98;1;1;0;0;1;0;0
142;Fred;br BRA;MF;Manchester Utd;27-290;1993;7.1;20;2.80;19;0;0;0;0;1;2;0.28;1;0;0;0;0;1;0
143;Ryan Fredericks;eng ENG;DF;West Ham;28-071;1992;2.5;12;4.74;10;0;0;0;0;2;1;0.39;1;0;0;0;0;0;0
144;Christian Fuchs;at AUT;DF;Leicester City;34-257;1986;7.8;3;0.38;3;0;0;0;0;0;0;0.00;0;0;0;0;0;0;0
145;Darnell Furlong;eng ENG;DF;West Brom;25-050;1995;11.8;16;1.36;11;1;0;3;1;0;2;0.17;2;0;0;0;0;0;0
146;Conor Gallagher;eng ENG;MF;West Brom;20-318;2000;8.9;12;1.35;7;2;1;1;0;1;0;0.00;0;0;0;0;0;0;0
147;Eric García;es ESP;DF;Manchester City;19-346;2001;2.2;4;1.79;3;0;0;0;1;0;0;0.00;0;0;0;0;0;0;0
148;Dwight Gayle;eng ENG;FW;Newcastle Utd;30-064;1990;0.6;2;3.27;2;0;0;0;0;0;0;0.00;0;0;0;0;0;0;0
149;David de Gea;es ESP;GK;Manchester Utd;30-043;1990;9.5;0;0.00;0;0;0;0;0;0;0;0.00;0;0;0;0;0;0;0
150;Anwar El Ghazi;nl NED;FW;Aston Villa;25-231;1995;1.6;10;6.29;7;1;2;0;0;0;0;0.00;0;0;0;0;0;0;0
151;Kieran Gibbs;eng ENG;DF,MF;West Brom;31-085;1989;3.0;0;0.00;0;0;0;0;0;0;0;0.00;0;0;0;0;0;0;0
152;Billy Gilmour;sco SCO;MF;Chelsea;19-192;2001;0.1;0;0.00;0;0;0;0;0;0;0;0.00;0;0;0;0;0;0;0
153;Olivier Giroud;fr FRA;FW;Chelsea;34-081;1986;3.2;7;2.17;5;0;0;1;0;1;0;0.00;0;0;0;0;0;0;0
154;Ben Godfrey;eng ENG;DF;Everton;22-340;1998;7.7;2;0.26;1;0;0;0;1;0;0;0.00;0;0;0;0;0;0;0
155;André Gomes;pt POR;MF;Everton;27-143;1993;5.6;10;1.78;7;1;1;0;0;1;0;0.00;0;0;0;0;0;0;0
156;Joe Gomez;eng ENG;DF;Liverpool;23-211;1997;6.6;2;0.31;2;0;0;0;0;0;0;0.00;0;0;0;0;0;0;0
157;Anthony Gordon;eng ENG;FW,MF;Everton;19-300;2001;0.4;0;0.00;0;0;0;0;0;0;0;0.00;0;0;0;0;0;0;0
158;Karlan Grant;eng ENG;FW;West Brom;23-093;1997;7.1;6;0.85;4;1;0;1;0;0;0;0.00;0;0;0;0;0;0;0
159;Jack Grealish;eng ENG;FW,MF;Aston Villa;25-101;1995;11.0;72;6.55;51;9;6;1;5;0;9;0.82;7;0;0;0;2;0;0
160;Mason Greenwood;eng ENG;FW;Manchester Utd;19-080;2001;6.2;13;2.10;7;1;2;1;1;1;0;0.00;0;0;0;0;0;0;0
161;Pascal Groß;de GER;MF;Brighton;29-188;1991;6.9;24;3.48;15;9;0;0;0;0;3;0.44;3;0;0;0;0;0;0
162;Kamil Grosicki;pl POL;FW,MF;West Brom;32-195;1988;0.1;0;0.00;0;0;0;0;0;0;0;0.00;0;0;0;0;0;0;0
163;Vicente Guaita;es ESP;GK;Crystal Palace;33-345;1987;14.0;0;0.00;0;0;0;0;0;0;0;0.00;0;0;0;0;0;0;0
164;İlkay Gündoğan;de GER;MF;Manchester City;30-057;1990;6.4;23;3.62;19;1;1;1;1;0;1;0.16;1;0;0;0;0;0;0
165;Sébastien Haller;ci CIV;FW;West Ham;26-181;1994;6.9;13;1.88;10;0;1;0;2;0;0;0.00;0;0;0;0;0;0;0
166;Rekeem Harper;eng ENG;MF,DF;West Brom;20-287;2000;0.2;0;0.00;0;0;0;0;0;0;0;0.00;0;0;0;0;0;0;0
167;Jack Harrison;eng ENG;MF;Leeds United;24-030;1996;10.9;47;4.32;40;2;2;1;2;0;7;0.64;5;0;2;0;0;0;0
168;Kortney Hause;eng ENG;DF;Aston Villa;25-157;1995;1.0;0;0.00;0;0;0;0;0;0;0;0.00;0;0;0;0;0;0;0
169;Kai Havertz;de GER;MF,FW;Chelsea;21-192;1999;8.5;24;2.84;21;0;0;1;2;0;3;0.35;2;0;0;0;1;0;0
170;Isaac Hayden;eng ENG;MF,DF;Newcastle Utd;25-273;1995;8.1;6;0.74;4;0;0;0;1;1;0;0.00;0;0;0;0;0;0;0
171;Michael Hector;jm JAM;DF;Fulham;28-154;1992;2.9;2;0.68;2;0;0;0;0;0;0;0.00;0;0;0;0;0;0;0
172;Ahmed Hegazi;eg EGY;DF;West Brom;29-330;1991;1.0;1;1.00;1;0;0;0;0;0;0;0.00;0;0;0;0;0;0;0
173;Dean Henderson;eng ENG;GK;Manchester Utd;23-283;1997;2.5;1;0.40;1;0;0;0;0;0;1;0.40;1;0;0;0;0;0;0
174;Jordan Henderson;eng ENG;MF;Liverpool;30-186;1990;9.6;21;2.18;16;4;0;0;0;1;3;0.31;2;1;0;0;0;0;0
175;Jeff Hendrick;ie IRL;MF;Newcastle Utd;28-324;1992;9.1;8;0.88;7;0;0;0;1;0;2;0.22;2;0;0;0;0;0;0
176;Pablo Hernández;es ESP;MF;Leeds United;35-253;1985;1.8;8;4.39;6;0;1;1;0;0;2;1.10;2;0;0;0;0;0;0
177;Son Heung-min;kr KOR;FW;Tottenham;28-165;1992;12.0;40;3.33;24;11;4;0;1;0;7;0.58;6;0;1;0;0;0;0
178;Ki-Jana Hoever;nl NED;DF;Wolves;18-337;2002;0.3;1;2.90;1;0;0;0;0;0;0;0.00;0;0;0;0;0;0;0
179;Rob Holding;eng ENG;DF;Arsenal;25-091;1995;10.5;2;0.19;2;0;0;0;0;0;1;0.10;1;0;0;0;0;0;0
180;Mason Holgate;eng ENG;DF;Everton;24-059;1996;4.9;6;1.22;3;2;0;0;1;0;0;0.00;0;0;0;0;0;0;0
181;Conor Hourihane;ie IRL;MF;Aston Villa;29-322;1991;2.5;8;3.20;4;4;0;0;0;0;1;0.40;0;1;0;0;0;0;0
182;Callum Hudson-Odoi;eng ENG;FW;Chelsea;20-043;2000;1.9;12;6.32;12;0;0;0;0;0;2;1.05;2;0;0;0;0;0;0
183;Pierre Højbjerg;dk DEN;MF;Tottenham;25-137;1995;13.0;21;1.62;17;1;0;1;0;2;2;0.15;1;1;0;0;0;0;0
184;Odion Ighalo;ng NGA;FW;Manchester Utd;31-187;1989;0.1;0;0.00;0;0;0;0;0;0;0;0.00;0;0;0;0;0;0;0
185;Kelechi Iheanacho;ng NGA;FW,MF;Leicester City;24-078;1996;1.8;7;3.84;6;0;1;0;0;0;0;0.00;0;0;0;0;0;0;0
186;Danny Ings;eng ENG;FW;Southampton;28-150;1992;9.9;24;2.43;18;0;4;1;1;0;4;0.40;3;0;1;0;0;0;0
187;Branislav Ivanović;rs SRB;DF;West Brom;36-302;1984;6.9;1;0.15;1;0;0;0;0;0;0;0.00;0;0;0;0;0;0;0
188;Alex Iwobi;ng NGA;FW,DF;Everton;24-231;1996;7.7;27;3.52;22;0;2;2;1;0;4;0.52;4;0;0;0;0;0;0
189;Phil Jagielka;eng ENG;DF,MF;Sheffield Utd;38-125;1982;1.6;0;0.00;0;0;0;0;0;0;0;0.00;0;0;0;0;0;0;0
190;Alireza Jahanbakhsh;ir IRN;FW;Brighton;27-131;1993;1.5;9;6.09;7;0;0;1;1;0;1;0.68;1;0;0;0;0;0;0
191;Daniel James;wal WAL;FW;Manchester Utd;23-040;1997;2.0;5;2.54;4;0;0;0;1;0;0;0.00;0;0;0;0;0;0;0
192;Reece James;eng ENG;DF;Chelsea;21-012;1999;11.0;25;2.26;19;2;0;0;3;1;5;0.45;3;1;0;0;1;0;0
193;Gabriel Jesus;br BRA;FW;Manchester City;23-261;1997;7.0;26;3.71;14;0;5;1;6;0;2;0.29;2;0;0;0;0;0;0
194;Raúl Jiménez;mx MEX;FW;Wolves;29-229;1991;9.1;22;2.41;11;0;3;4;2;2;4;0.44;1;0;1;2;0;0;0
195;Joelinton;br BRA;FW,MF;Newcastle Utd;24-128;1996;8.1;16;1.98;9;0;2;1;2;2;4;0.50;2;0;1;0;1;0;0
196;Ben Johnson;eng ENG;DF;West Ham;20-331;2000;0.6;0;0.00;0;0;0;0;0;0;0;0.00;0;0;0;0;0;0;0
197;Sam Johnstone;eng ENG;GK;West Brom;27-270;1993;13.0;0;0.00;0;0;0;0;0;0;0;0.00;0;0;0;0;0;0;0
198;Curtis Jones;eng ENG;MF;Liverpool;19-325;2001;5.8;19;3.27;15;0;1;0;1;2;2;0.34;2;0;0;0;0;0;0
199;Jorginho;it ITA;MF;Chelsea;29-000;1991;5.1;9;1.77;9;0;0;0;0;0;3;0.59;3;0;0;0;0;0;0
200;Diogo Jota;pt POR;FW;Liverpool;24-016;1996;5.6;13;2.33;9;0;1;2;1;0;1;0.18;0;0;1;0;0;0;0
201;James Justin;eng ENG;DF;Leicester City;22-301;1998;13.0;31;2.38;21;2;2;0;6;0;6;0.46;5;0;0;0;1;0;0
202;Aboubakar Kamara;fr FRA;FW,DF;Fulham;25-288;1995;3.1;5;1.60;5;0;0;0;0;0;0;0.00;0;0;0;0;0;0;0
203;Harry Kane;eng ENG;FW;Tottenham;27-145;1993;12.9;47;3.64;30;2;5;3;6;1;14;1.08;9;1;2;0;2;0;0
204;N'Golo Kanté;fr FRA;MF;Chelsea;29-266;1991;12.9;19;1.47;18;0;0;1;0;0;0;0.00;0;0;0;0;0;0;0
205;Moise Kean;it ITA;FW;Everton;20-296;2000;0.2;0;0.00;0;0;0;0;0;0;0;0.00;0;0;0;0;0;0;0
206;Michael Keane;eng ENG;DF;Everton;27-344;1993;14.0;8;0.57;7;0;0;1;0;0;0;0.00;0;0;0;0;0;0;0
207;Neeskens Kebano;cd COD;FW,MF;Fulham;28-285;1992;1.3;3;2.29;2;0;0;1;0;0;0;0.00;0;0;0;0;0;0;0
208;Naby Keïta;gn GUI;MF;Liverpool;25-314;1995;4.4;10;2.28;8;0;0;2;0;0;1;0.23;1;0;0;0;0;0;0
209;Caoimhin Kelleher;ie IRL;GK;Liverpool;22-027;1998;1.0;0;0.00;0;0;0;0;0;0;0;0.00;0;0;0;0;0;0;0
210;Jonjoe Kenny;eng ENG;DF;Everton;23-280;1997;0.9;1;1.14;1;0;0;0;0;0;0;0.00;0;0;0;0;0;0;0
211;Max Kilman;eng ENG;DF;Wolves;23-211;1997;6.1;3;0.49;3;0;0;0;0;0;1;0.16;1;0;0;0;0;0;0
212;Mateusz Klich;pl POL;MF;Leeds United;30-190;1990;12.7;61;4.80;49;7;2;2;1;0;9;0.71;7;1;1;0;0;0;0
213;Robin Koch;de GER;DF;Leeds United;24-156;1996;10.1;8;0.79;8;0;0;0;0;0;0;0.00;0;0;0;0;0;0;0
214;Sead Kolašinac;ba BIH;DF;Arsenal;27-183;1993;1.0;0;0.00;0;0;0;0;0;0;0;0.00;0;0;0;0;0;0;0
215;Ezri Konsa;eng ENG;DF;Aston Villa;23-058;1997;10.0;1;0.10;1;0;0;0;0;0;0;0.00;0;0;0;0;0;0;0
216;Cheikhou Kouyaté;sn SEN;DF;Crystal Palace;30-365;1989;13.7;7;0.51;5;0;0;1;1;0;1;0.07;1;0;0;0;0;0;0
217;Mateo Kovačić;hr CRO;MF;Chelsea;26-228;1994;5.6;17;3.02;15;0;0;0;2;0;3;0.53;3;0;0;0;0;0;0
218;Emil Krafth;se SWE;DF;Newcastle Utd;26-140;1994;3.2;5;1.56;4;1;0;0;0;0;1;0.31;1;0;0;0;0;0;0
219;Filip Krovinović;hr CRO;MF;West Brom;25-113;1995;5.9;17;2.90;10;3;3;0;1;0;1;0.17;1;0;0;0;0;0;0
220;Alexandre Lacazette;fr FRA;FW,MF;Arsenal;29-206;1991;7.3;14;1.91;9;0;1;0;3;1;0;0.00;0;0;0;0;0;0;0
221;Adam Lallana;eng ENG;MF,FW;Brighton;32-224;1988;6.8;17;2.50;15;0;0;1;1;0;2;0.29;1;0;0;1;0;0;0
222;Érik Lamela;ar ARG;FW;Tottenham;28-291;1992;2.1;8;3.79;3;1;0;1;1;2;3;1.42;0;1;0;1;0;1;0
223;Tariq Lamptey;eng ENG;DF;Brighton;20-081;2000;9.8;24;2.44;19;0;1;0;4;0;4;0.41;2;0;0;0;2;0;0
224;Manuel Lanzini;ar ARG;MF,FW;West Ham;27-309;1993;1.2;6;4.86;3;1;0;0;1;1;2;1.62;1;0;0;0;1;0;0
225;Aymeric Laporte;fr FRA;DF;Manchester City;26-207;1994;4.0;4;1.00;4;0;0;0;0;0;0;0.00;0;0;0;0;0;0;0
226;Jamaal Lascelles;eng ENG;DF;Newcastle Utd;27-039;1993;7.5;1;0.13;1;0;0;0;0;0;0;0.00;0;0;0;0;0;0;0
227;Maxime Le Marchand;fr FRA;DF;Fulham;31-070;1989;1.4;2;1.46;2;0;0;0;0;0;0;0.00;0;0;0;0;0;0;0
228;Mario Lemina;ga GAB;MF;Fulham;27-110;1993;5.1;8;1.58;4;0;4;0;0;0;0;0.00;0;0;0;0;0;0;0
229;Bernd Leno;de GER;GK;Arsenal;28-291;1992;14.0;0;0.00;0;0;0;0;0;0;0;0.00;0;0;0;0;0;0;0
230;Jamal Lewis;nir NIR;DF;Newcastle Utd;22-330;1998;11.0;17;1.55;15;2;0;0;0;0;1;0.09;1;0;0;0;0;0;0
231;Victor Lindelöf;se SWE;DF;Manchester Utd;26-156;1994;11.0;5;0.45;5;0;0;0;0;0;1;0.09;1;0;0;0;0;0;0
232;Jake Livermore;eng ENG;MF;West Brom;31-036;1989;8.2;5;0.61;5;0;0;0;0;0;0;0.00;0;0;0;0;0;0;0
233;Diego Llorente;es ESP;DF;Leeds United;27-126;1993;0.9;0;0.00;0;0;0;0;0;0;0;0.00;0;0;0;0;0;0;0
234;Hugo Lloris;fr FRA;GK;Tottenham;33-360;1986;13.0;1;0.08;1;0;0;0;0;0;1;0.08;1;0;0;0;0;0;0
235;Giovani Lo Celso;ar ARG;MF;Tottenham;24-255;1996;4.3;16;3.68;10;3;0;1;2;0;3;0.69;3;0;0;0;0;0;0
236;Ruben Loftus-Cheek;eng ENG;FW,MF;Fulham;24-332;1996;5.7;8;1.40;4;0;1;1;2;0;0;0.00;0;0;0;0;0;0;0
237;Ruben Loftus-Cheek;eng ENG;FW;Chelsea;24-332;1996;0.7;1;1.50;1;0;0;0;0;0;0;0.00;0;0;0;0;0;0;0
238;Kevin Long;ie IRL;DF;Burnley;30-124;1990;6.0;0;0.00;0;0;0;0;0;0;0;0.00;0;0;0;0;0;0;0
239;Shane Long;ie IRL;FW,MF;Southampton;33-333;1987;0.8;0;0.00;0;0;0;0;0;0;0;0.00;0;0;0;0;0;0;0
240;Matthew Longstaff;eng ENG;MF;Newcastle Utd;20-274;2000;0.3;0;0.00;0;0;0;0;0;0;0;0.00;0;0;0;0;0;0;0
241;Sean Longstaff;eng ENG;MF;Newcastle Utd;23-051;1997;7.2;8;1.11;3;3;1;0;0;1;0;0.00;0;0;0;0;0;0;0
242;Ademola Lookman;eng ENG;FW;Fulham;23-061;1997;10.2;38;3.73;26;2;2;4;3;1;6;0.59;3;1;2;0;0;0;0
243;Max Lowe;eng ENG;DF;Sheffield Utd;23-223;1997;4.6;4;0.87;2;1;0;1;0;0;0;0.00;0;0;0;0;0;0;0
244;Matthew Lowton;eng ENG;DF;Burnley;31-194;1989;8.0;7;0.87;7;0;0;0;0;0;0;0.00;0;0;0;0;0;0;0
245;David Luiz;br BRA;DF;Arsenal;33-242;1987;5.3;3;0.56;2;0;1;0;0;0;0;0.00;0;0;0;0;0;0;0
246;Douglas Luiz;br BRA;MF;Aston Villa;22-225;1998;9.6;20;2.09;17;2;0;1;0;0;3;0.31;3;0;0;0;0;0;0
247;John Lundstram;eng ENG;MF;Sheffield Utd;26-306;1994;8.1;18;2.22;13;4;0;0;0;1;1;0.12;0;1;0;0;0;0;0
248;Alexis Mac Allister;ar ARG;MF,DF;Brighton;21-362;1998;0.7;0;0.00;0;0;0;0;0;0;0;0.00;0;0;0;0;0;0;0
249;James Maddison;eng ENG;MF,FW;Leicester City;24-027;1996;7.8;34;4.33;16;8;2;1;5;2;5;0.64;2;0;0;0;2;1;0
250;Harry Maguire;eng ENG;DF;Manchester Utd;27-290;1993;12.0;11;0.92;7;0;1;1;1;1;2;0.17;0;0;0;1;0;1;0
251;Riyad Mahrez;dz ALG;FW,DF;Manchester City;29-303;1991;8.5;36;4.24;26;5;1;2;1;1;2;0.24;0;1;1;0;0;0;0
252;Ainsley Maitland-Niles;eng ENG;DF;Arsenal;23-113;1997;4.3;7;1.63;5;1;0;0;1;0;1;0.23;0;0;0;0;1;0;0
253;Sadio Mané;sn SEN;FW;Liverpool;28-254;1992;11.8;47;3.99;32;0;3;4;7;1;6;0.51;2;0;0;2;1;1;0
254;Javier Manquillo;es ESP;DF;Newcastle Utd;26-229;1994;5.1;5;0.98;4;1;0;0;0;0;0;0.00;0;0;0;0;0;0;0
255;Fernando Marçal;br BRA;DF;Wolves;31-305;1989;5.5;3;0.54;3;0;0;0;0;0;0;0.00;0;0;0;0;0;0;0
256;Solly March;eng ENG;DF;Brighton;26-153;1994;11.3;31;2.74;25;3;3;0;0;0;3;0.26;2;1;0;0;0;0;0
257;Anthony Martial;fr FRA;FW;Manchester Utd;25-015;1995;6.0;13;2.15;9;0;1;1;2;0;3;0.50;1;0;0;1;1;0;0
258;Martinelli;br BRA;FW;Arsenal;19-185;2001;0.2;0;0.00;0;0;0;0;0;0;0;0.00;0;0;0;0;0;0;0
259;Emiliano Martínez;ar ARG;GK;Aston Villa;28-109;1992;11.0;3;0.27;3;0;0;0;0;0;1;0.09;1;0;0;0;0;0;0
260;Arthur Masuaku;cd COD;DF;West Ham;27-043;1993;9.4;29;3.07;20;2;4;2;1;0;2;0.21;2;0;0;0;0;0;0
261;Juan Mata;es ESP;FW;Manchester Utd;32-236;1988;3.7;18;4.84;12;4;0;2;0;0;5;1.34;3;1;0;1;0;0;0
262;Nemanja Matić;rs SRB;MF;Manchester Utd;32-141;1988;4.8;4;0.83;4;0;0;0;0;0;1;0.21;1;0;0;0;0;0;0
263;Joël Matip;cm CMR;DF;Liverpool;29-134;1991;5.5;5;0.91;4;0;0;1;0;0;1;0.18;0;0;0;1;0;0;0
264;Neal Maupay;fr FRA;FW,MF;Brighton;24-128;1996;9.5;21;2.22;15;0;3;1;1;1;3;0.32;3;0;0;0;0;0;0
265;James McArthur;sco SCO;MF;Crystal Palace;33-074;1987;11.3;15;1.33;14;0;0;0;1;0;1;0.09;1;0;0;0;0;0;0
266;Oliver McBurnie;sco SCO;FW;Sheffield Utd;24-199;1996;8.7;17;1.96;14;0;0;2;1;0;1;0.12;0;0;0;0;1;0;0
267;Alex McCarthy;eng ENG;GK;Southampton;31-017;1989;14.0;0;0.00;0;0;0;0;0;0;0;0.00;0;0;0;0;0;0;0
268;James McCarthy;ie IRL;MF;Crystal Palace;30-038;1990;3.7;5;1.36;3;1;0;0;0;1;1;0.27;0;0;0;0;0;1;0
269;John McGinn;sco SCO;MF;Aston Villa;26-063;1994;11.0;34;3.09;30;0;2;0;2;0;7;0.64;5;0;1;0;1;0;0
270;David McGoldrick;ie IRL;FW;Sheffield Utd;33-021;1987;6.8;12;1.76;7;0;3;0;1;1;0;0.00;0;0;0;0;0;0;0
271;Dwight McNeil;eng ENG;MF;Burnley;21-028;1999;12.0;26;2.17;15;7;0;0;4;0;2;0.17;1;1;0;0;0;0;0
272;Scott McTominay;sco SCO;MF;Manchester Utd;24-012;1996;7.5;13;1.73;9;0;0;1;2;1;1;0.13;0;0;0;0;0;1;0
273;Ben Mee;eng ENG;DF;Burnley;31-088;1989;6.0;1;0.17;0;1;0;0;0;0;0;0.00;0;0;0;0;0;0;0
274;Benjamin Mendy;fr FRA;DF;Manchester City;26-156;1994;5.6;5;0.89;4;0;1;0;0;0;0;0.00;0;0;0;0;0;0;0
275;Edouard Mendy;sn SEN;GK;Chelsea;28-294;1992;9.0;1;0.11;1;0;0;0;0;0;0;0.00;0;0;0;0;0;0;0
276;Nampalys Mendy;fr FRA;MF;Leicester City;28-180;1992;11.3;8;0.71;5;0;0;0;1;2;1;0.09;1;0;0;0;0;0;0
277;Illan Meslier;fr FRA;GK;Leeds United;20-293;2000;13.0;2;0.15;2;0;0;0;0;0;0;0.00;0;0;0;0;0;0;0
278;Luka Milivojević;rs SRB;MF;Crystal Palace;29-257;1991;6.3;18;2.85;8;7;1;0;1;1;1;0.16;0;1;0;0;0;0;0
279;James Milner;eng ENG;MF,DF;Liverpool;34-351;1986;2.9;8;2.75;4;3;0;0;0;1;1;0.34;0;1;0;0;0;0;0
280;Yerry Mina;co COL;DF;Everton;26-088;1994;12.0;1;0.08;1;0;0;0;0;0;0;0.00;0;0;0;0;0;0;0
281;Takumi Minamino;jp JPN;MF,FW;Liverpool;25-339;1995;3.2;6;1.89;3;0;1;1;1;0;1;0.31;0;0;1;0;0;0;0
282;Tyrone Mings;eng ENG;DF;Aston Villa;27-282;1993;11.0;7;0.64;5;0;1;1;0;0;1;0.09;1;0;0;0;0;0;0
283;Tyrick Mitchell;eng ENG;DF;Crystal Palace;21-110;1999;6.0;2;0.33;2;0;0;0;0;0;2;0.33;2;0;0;0;0;0;0
284;Aleksandar Mitrović;rs SRB;FW;Fulham;26-095;1994;8.7;22;2.52;16;1;3;1;1;0;3;0.34;2;0;0;1;0;0;0
285;Jayson Molumby;ie IRL;MF;Brighton;21-136;1999;0.0;0;0.00;0;0;0;0;0;0;0;0.00;0;0;0;0;0;0;0
286;Wes Morgan;jm JAM;DF;Leicester City;36-334;1984;0.2;0;0.00;0;0;0;0;0;0;0;0.00;0;0;0;0;0;0;0
287;Mason Mount;eng ENG;MF,FW;Chelsea;21-345;1999;11.0;38;3.45;20;13;1;2;1;1;6;0.55;1;3;0;2;0;0;0
288;Lucas Moura;br BRA;FW,MF;Tottenham;28-129;1992;4.5;6;1.32;6;0;0;0;0;0;1;0.22;1;0;0;0;0;0;0
289;Lys Mousset;fr FRA;FW;Sheffield Utd;24-316;1996;0.7;3;4.09;2;0;1;0;0;0;0;0.00;0;0;0;0;0;0;0
290;João Moutinho;pt POR;MF;Wolves;34-103;1986;8.0;23;2.89;13;7;0;2;0;1;0;0.00;0;0;0;0;0;0;0
291;Jacob Murphy;eng ENG;DF,FW;Newcastle Utd;25-300;1995;5.2;9;1.74;7;0;1;0;1;0;1;0.19;1;0;0;0;0;0;0
292;Shkodran Mustafi;de GER;DF;Arsenal;28-247;1992;0.5;0;0.00;0;0;0;0;0;0;0;0.00;0;0;0;0;0;0;0
293;Marvelous Nakamba;zw ZIM;MF;Aston Villa;26-336;1994;1.2;2;1.70;2;0;0;0;0;0;0;0.00;0;0;0;0;0;0;0
294;Wilfred Ndidi;ng NGA;DF,MF;Leicester City;24-004;1996;4.1;2;0.49;2;0;0;0;0;0;0;0.00;0;0;0;0;0;0;0
295;Tanguy Ndombele;fr FRA;MF;Tottenham;23-358;1996;6.8;16;2.35;15;0;1;0;0;0;5;0.74;5;0;0;0;0;0;0
296;Reiss Nelson;eng ENG;FW;Arsenal;21-010;1999;0.8;1;1.27;1;0;0;0;0;0;0;0.00;0;0;0;0;0;0;0
297;Pedro Neto;pt POR;FW,MF;Wolves;20-286;2000;11.3;46;4.07;27;7;5;3;4;0;3;0.27;1;1;0;1;0;0;0
298;Rúben Neves;pt POR;MF;Wolves;23-282;1997;9.0;20;2.23;16;2;1;1;0;0;0;0.00;0;0;0;0;0;0;0
299;Eddie Nketiah;eng ENG;FW;Arsenal;21-204;1999;3.5;4;1.14;3;0;0;0;0;1;1;0.28;1;0;0;0;0;0;0
300;Niels Nkounkou;fr FRA;DF;Everton;20-049;2000;0.8;1;1.32;1;0;0;0;0;0;0;0.00;0;0;0;0;0;0;0
301;Dan Nlundulu;eng ENG;FW;Southampton;21-319;1999;0.2;0;0.00;0;0;0;0;0;0;0;0.00;0;0;0;0;0;0;0
302;Mark Noble;eng ENG;MF;West Ham;33-226;1987;1.0;1;0.98;0;1;0;0;0;0;0;0.00;0;0;0;0;0;0;0
303;Oliver Norwood;nir NIR;MF;Sheffield Utd;29-252;1991;4.7;9;1.91;7;2;0;0;0;0;0;0.00;0;0;0;0;0;0;0
304;Jack O'Connell;eng ENG;DF;Sheffield Utd;26-266;1994;2.0;0;0.00;0;0;0;0;0;0;0;0.00;0;0;0;0;0;0;0
305;Dara O'Shea;ie IRL;DF;West Brom;21-291;1999;7.1;7;0.98;6;1;0;0;0;0;1;0.14;1;0;0;0;0;0;0
306;Michael Obafemi;ie IRL;FW;Southampton;20-167;2000;0.2;0;0.00;0;0;0;0;0;0;0;0.00;0;0;0;0;0;0;0
307;Denis Odoi;be BEL;DF;Fulham;32-207;1988;3.0;5;1.67;5;0;0;0;0;0;0;0.00;0;0;0;0;0;0;0
308;Angelo Ogbonna;it ITA;DF;West Ham;32-211;1988;12.7;5;0.39;5;0;0;0;0;0;0;0.00;0;0;0;0;0;0;0
309;Robin Olsen;se SWE;GK;Everton;30-347;1990;2.0;0;0.00;0;0;0;0;0;0;0;0.00;0;0;0;0;0;0;0
310;Josh Onomah;eng ENG;MF;Fulham;23-237;1997;1.5;1;0.69;1;0;0;0;0;0;0;0.00;0;0;0;0;0;0;0
311;Divock Origi;be BEL;FW;Liverpool;25-246;1995;0.1;1;10.00;1;0;0;0;0;0;0;0.00;0;0;0;0;0;0;0
312;Ben Osborn;eng ENG;MF,DF;Sheffield Utd;26-137;1994;4.4;5;1.13;4;1;0;0;0;0;0;0.00;0;0;0;0;0;0;0
313;Owen Otasowie;us USA;MF;Wolves;19-244;2001;0.5;3;6.00;3;0;0;0;0;0;1;2.00;1;0;0;0;0;0;0
314;Alex Oxlade-Chamberlain;eng ENG;FW;Liverpool;27-127;1993;0.2;1;5.63;1;0;0;0;0;0;1;5.63;1;0;0;0;0;0;0
315;Emerson Palmieri;it ITA;DF;Chelsea;26-139;1994;0.1;0;0.00;0;0;0;0;0;0;0;0.00;0;0;0;0;0;0;0
316;Thomas Partey;gh GHA;MF;Arsenal;27-190;1993;3.1;3;0.97;3;0;0;0;0;0;0;0.00;0;0;0;0;0;0;0
317;Rui Patrício;pt POR;GK;Wolves;32-309;1988;13.0;0;0.00;0;0;0;0;0;0;0;0.00;0;0;0;0;0;0;0
318;Bailey Peacock-Farrell;nir NIR;GK;Burnley;24-052;1996;1.0;1;1.00;0;1;0;0;0;0;0;0.00;0;0;0;0;0;0;0
319;Lee Peltier;eng ENG;MF;West Brom;34-009;1986;0.0;0;0.00;0;0;0;0;0;0;0;0.00;0;0;0;0;0;0;0
320;Nicolas Pépé;ci CIV;FW,MF;Arsenal;25-205;1995;4.8;3;0.62;1;2;0;0;0;0;1;0.21;1;0;0;0;0;0;0
321;Matheus Pereira;br BRA;MF,FW;West Brom;24-229;1996;8.7;38;4.36;23;10;1;1;2;1;5;0.57;2;1;0;0;1;1;0
322;Ayoze Pérez;es ESP;MF,FW;Leicester City;27-150;1993;4.9;20;4.11;15;0;3;2;0;0;4;0.82;3;0;1;0;0;0;0
323;Kalvin Phillips;eng ENG;MF;Leeds United;25-018;1995;10.0;24;2.40;16;6;0;1;0;1;1;0.10;1;0;0;0;0;0;0
324;Matt Phillips;sco SCO;MF,DF;West Brom;29-282;1991;4.0;12;3.03;8;3;1;0;0;0;1;0.25;1;0;0;0;0;0;0
325;Nathaniel Phillips;eng ENG;DF;Liverpool;23-274;1997;2.0;1;0.50;1;0;0;0;0;0;0;0.00;0;0;0;0;0;0;0
326;Jordan Pickford;eng ENG;GK;Everton;26-288;1994;12.0;4;0.33;3;1;0;0;0;0;2;0.17;2;0;0;0;0;0;0
327;Erik Pieters;nl NED;DF,MF;Burnley;32-135;1988;1.9;1;0.52;1;0;0;0;0;0;0;0.00;0;0;0;0;0;0;0
328;Daniel Podence;pt POR;FW,MF;Wolves;25-060;1995;10.0;38;3.79;25;1;8;1;2;1;6;0.60;2;0;4;0;0;0;0
329;Paul Pogba;fr FRA;MF,FW;Manchester Utd;27-280;1993;7.2;19;2.66;13;1;0;1;3;1;0;0.00;0;0;0;0;0;0;0
330;Nick Pope;eng ENG;GK;Burnley;28-245;1992;11.0;2;0.18;1;1;0;0;0;0;0;0.00;0;0;0;0;0;0;0
331;Dennis Praet;be BEL;MF,FW;Leicester City;26-220;1994;6.5;11;1.70;10;0;0;0;0;1;2;0.31;2;0;0;0;0;0;0
332;Christian Pulisic;us USA;FW,MF;Chelsea;22-093;1998;3.8;13;3.42;9;0;2;1;0;1;1;0.26;1;0;0;0;0;0;0
333;Aaron Ramsdale;eng ENG;GK;Sheffield Utd;22-220;1998;13.0;5;0.38;4;1;0;0;0;0;0;0.00;0;0;0;0;0;0;0
334;Jacob Ramsey;eng ENG;MF;Aston Villa;19-206;2001;1.2;1;0.87;1;0;0;0;0;0;0;0.00;0;0;0;0;0;0;0
335;Marcus Rashford;eng ENG;FW;Manchester Utd;23-050;1997;11.4;35;3.08;28;0;4;0;3;0;4;0.35;4;0;0;0;0;0;0
336;Tim Ream;us USA;DF;Fulham;33-076;1987;5.0;1;0.20;1;0;0;0;0;0;0;0.00;0;0;0;0;0;0;0
337;Nathan Redmond;eng ENG;MF;Southampton;26-289;1994;4.5;9;2.01;7;0;1;0;1;0;2;0.45;2;0;0;0;0;0;0
338;Harrison Reed;eng ENG;MF;Fulham;25-328;1995;6.9;11;1.58;8;3;0;0;0;0;1;0.14;1;0;0;0;0;0;0
339;Sergio Reguilón;es ESP;DF;Tottenham;24-004;1996;8.1;15;1.85;9;0;0;4;2;0;2;0.25;2;0;0;0;0;0;0
340;Bobby Reid;jm JAM;FW,DF;Fulham;27-322;1993;9.4;10;1.06;7;0;2;0;1;0;3;0.32;2;0;0;0;1;0;0
341;Declan Rice;eng ENG;MF;West Ham;21-341;1999;13.0;25;1.92;22;0;1;1;0;1;3;0.23;2;0;0;1;0;0;0
342;Richarlison;br BRA;FW;Everton;23-224;1997;10.1;30;2.98;20;0;4;2;4;0;7;0.70;4;0;1;1;1;0;0
343;Jaïro Riedewald;nl NED;MF;Crystal Palace;24-102;1996;5.6;7;1.25;6;0;0;1;0;0;0;0.00;0;0;0;0;0;0;0
344;Matt Ritchie;sco SCO;MF,DF;Newcastle Utd;31-101;1989;3.0;10;3.32;5;4;0;0;0;1;0;0.00;0;0;0;0;0;0;0
345;Tyler Roberts;wal WAL;MF,FW;Leeds United;21-343;1999;2.7;7;2.60;3;0;1;1;2;0;0;0.00;0;0;0;0;0;0;0
346;Andrew Robertson;sco SCO;DF;Liverpool;26-284;1994;14.0;38;2.71;29;7;2;0;0;0;10;0.71;6;2;2;0;0;0;0
347;Antonee Robinson;us USA;DF;Fulham;23-134;1997;11.0;28;2.55;24;2;1;0;1;0;1;0.09;1;0;0;0;0;0;0
348;Callum Robinson;ie IRL;FW;West Brom;25-322;1995;6.5;19;2.91;14;0;4;0;1;0;1;0.15;0;0;1;0;0;0;0
349;Jack Robinson;eng ENG;DF;Sheffield Utd;27-110;1993;4.1;2;0.49;1;0;0;0;1;0;1;0.24;0;0;0;0;1;0;0
350;Hal Robson-Kanu;wal WAL;FW,MF;West Brom;31-213;1989;1.6;2;1.27;2;0;0;0;0;0;0;0.00;0;0;0;0;0;0;0
351;Marek Rodák;sk SVK;GK;Fulham;24-007;1996;1.0;0;0.00;0;0;0;0;0;0;0;0.00;0;0;0;0;0;0;0
352;Joe Rodon;wal WAL;DF;Tottenham;23-059;1997;1.1;0;0.00;0;0;0;0;0;0;0;0.00;0;0;0;0;0;0;0
353;Rodri;es ESP;MF;Manchester City;24-181;1996;12.5;26;2.08;22;0;2;1;0;1;0;0.00;0;0;0;0;0;0;0
354;Rodrigo;es ESP;MF,FW;Leeds United;29-289;1991;6.0;27;4.53;19;0;2;4;1;1;5;0.84;2;0;0;3;0;0;0
355;James Rodríguez;co COL;FW,MF;Everton;29-161;1991;9.3;44;4.71;29;9;2;0;3;1;10;1.07;6;4;0;0;0;0;0
356;Jay Rodriguez;eng ENG;FW,MF;Burnley;31-144;1989;5.9;13;2.20;8;0;2;2;1;0;0;0.00;0;0;0;0;0;0;0
357;Oriol Romeu;es ESP;MF;Southampton;29-087;1991;13.5;24;1.78;23;0;0;0;0;1;2;0.15;2;0;0;0;0;0;0
358;Antonio Rüdiger;de GER;DF;Chelsea;27-292;1993;1.0;0;0.00;0;0;0;0;0;0;0;0.00;0;0;0;0;0;0;0
359;Mathew Ryan;au AUS;GK;Brighton;28-256;1992;11.0;0;0.00;0;0;0;0;0;0;0;0.00;0;0;0;0;0;0;0
360;Allan Saint-Maximin;fr FRA;FW,MF;Newcastle Utd;23-283;1997;6.5;17;2.63;14;0;2;0;1;0;3;0.46;3;0;0;0;0;0;0
361;Romain Saïss;ma MAR;DF;Wolves;30-269;1990;7.7;4;0.52;3;0;0;1;0;0;1;0.13;1;0;0;0;0;0;0
362;Bukayo Saka;eng ENG;DF,FW;Arsenal;19-106;2001;11.0;34;3.09;24;3;4;1;2;0;2;0.18;2;0;0;0;0;0;0
363;Mamadou Sakho;fr FRA;DF;Crystal Palace;30-311;1990;3.1;0;0.00;0;0;0;0;0;0;0;0.00;0;0;0;0;0;0;0
364;Mohamed Salah;eg EGY;FW;Liverpool;28-188;1992;12.0;49;4.09;35;1;2;6;3;2;8;0.67;5;0;0;2;1;0;0
365;Davinson Sánchez;co COL;DF;Tottenham;24-191;1996;4.0;2;0.50;1;0;0;1;0;0;1;0.25;1;0;0;0;0;0;0
366;Robert Sánchez;es ESP;GK;Brighton;23-032;1997;2.0;0;0.00;0;0;0;0;0;0;0;0.00;0;0;0;0;0;0;0
367;Romaine Sawyers;kn SKN;MF;West Brom;29-048;1991;8.7;7;0.81;5;0;0;0;2;0;0;0.00;0;0;0;0;0;0;0
368;Fabian Schär;ch SUI;DF,MF;Newcastle Utd;29-000;1991;4.6;2;0.44;2;0;0;0;0;0;0;0.00;0;0;0;0;0;0;0
369;Jeffrey Schlupp;gh GHA;MF;Crystal Palace;27-363;1992;8.6;21;2.45;15;0;2;1;3;0;4;0.47;2;0;0;1;1;0;0
370;Kasper Schmeichel;dk DEN;GK;Leicester City;34-045;1986;13.0;1;0.08;1;0;0;0;0;0;0;0.00;0;0;0;0;0;0;0
371;Nélson Semedo;pt POR;DF;Wolves;27-034;1993;10.7;18;1.69;16;0;0;2;0;0;0;0.00;0;0;0;0;0;0;0
372;Jamie Shackleton;eng ENG;MF,DF;Leeds United;21-073;1999;1.9;4;2.09;4;0;0;0;0;0;0;0.00;0;0;0;0;0;0;0
373;Xherdan Shaqiri;ch SUI;FW,MF;Liverpool;29-071;1991;0.6;2;3.40;2;0;0;0;0;0;1;1.70;1;0;0;0;0;0;0
374;Billy Sharp;eng ENG;FW,MF;Sheffield Utd;34-319;1986;2.1;0;0.00;0;0;0;0;0;0;0;0.00;0;0;0;0;0;0;0
375;Luke Shaw;eng ENG;DF;Manchester Utd;25-161;1995;7.7;16;2.07;10;4;0;0;2;0;2;0.26;1;0;0;0;1;0;0
376;Jonjo Shelvey;eng ENG;MF;Newcastle Utd;28-297;1992;7.8;18;2.31;11;6;0;1;0;0;3;0.39;2;1;0;0;0;0;0
377;Gylfi Sigurðsson;is ISL;MF;Everton;31-103;1989;7.5;22;2.95;13;8;0;1;0;0;2;0.27;1;1;0;0;0;0;0
378;Bernardo Silva;pt POR;MF,FW;Manchester City;26-132;1994;5.2;19;3.69;18;0;0;0;1;0;1;0.19;1;0;0;0;0;0;0
379;Fábio Silva;pt POR;FW;Wolves;18-154;2002;3.3;6;1.82;4;0;0;2;0;0;0;0.00;0;0;0;0;0;0;0
380;Thiago Silva;br BRA;DF;Chelsea;36-089;1984;8.8;8;0.91;8;0;0;0;0;0;0;0.00;0;0;0;0;0;0;0
381;Moussa Sissoko;fr FRA;MF;Tottenham;31-126;1989;10.4;11;1.06;10;0;0;0;1;0;1;0.10;1;0;0;0;0;0;0
382;Islam Slimani;dz ALG;FW;Leicester City;32-185;1988;0.2;1;4.50;1;0;0;0;0;0;0;0.00;0;0;0;0;0;0;0
383;William Smallbone;ie IRL;MF;Southampton;20-303;2000;1.2;1;0.80;1;0;0;0;0;0;0;0.00;0;0;0;0;0;0;0
384;Robert Snodgrass;sco SCO;FW,DF;West Ham;33-104;1987;0.1;1;18.00;1;0;0;0;0;0;0;0.00;0;0;0;0;0;0;0
385;Cédric Soares;pt POR;MF;Arsenal;29-111;1991;0.1;0;0.00;0;0;0;0;0;0;0;0.00;0;0;0;0;0;0;0
386;Tomáš Souček;cz CZE;MF;West Ham;25-297;1995;13.0;14;1.08;9;0;0;3;2;0;3;0.23;1;0;0;2;0;0;0
387;Çağlar Söyüncü;tr TUR;DF;Leicester City;24-211;1996;4.0;1;0.25;1;0;0;0;0;0;0;0.00;0;0;0;0;0;0;0
388;Dale Stephens;eng ENG;MF;Burnley;31-191;1989;2.2;1;0.45;1;0;0;0;0;0;0;0.00;0;0;0;0;0;0;0
389;Jack Stephens;eng ENG;DF;Southampton;26-328;1994;3.5;2;0.57;2;0;0;0;0;0;0;0.00;0;0;0;0;0;0;0
390;Raheem Sterling;eng ENG;FW;Manchester City;26-012;1994;11.1;39;3.51;26;0;6;2;5;0;5;0.45;2;0;1;1;1;0;0
391;Enda Stevens;ie IRL;DF;Sheffield Utd;30-164;1990;10.0;7;0.70;6;0;0;0;1;0;1;0.10;0;0;0;0;1;0;0
392;John Stones;eng ENG;DF;Manchester City;26-206;1994;5.0;1;0.20;1;0;0;0;0;0;0;0.00;0;0;0;0;0;0;0
393;Pascal Struijk;nl NED;DF,MF;Leeds United;21-131;1999;2.8;1;0.35;1;0;0;0;0;0;0;0.00;0;0;0;0;0;0;0
394;Matt Targett;eng ENG;DF;Aston Villa;25-093;1995;11.0;26;2.36;19;4;0;0;2;1;3;0.27;1;1;0;0;1;0;0
395;James Tarkowski;eng ENG;DF;Burnley;28-031;1992;10.0;5;0.50;3;1;0;1;0;0;0;0.00;0;0;0;0;0;0;0
396;Charlie Taylor;eng ENG;DF;Burnley;27-093;1993;12.0;14;1.17;9;1;0;1;3;0;2;0.17;1;0;0;0;1;0;0
397;Nathan Tella;eng ENG;FW,MF;Southampton;21-168;1999;1.1;2;1.78;0;0;0;0;2;0;0;0.00;0;0;0;0;0;0;0
398;Alex Telles;br BRA;DF;Manchester Utd;28-005;1992;3.9;9;2.29;5;3;0;0;1;0;1;0.25;1;0;0;0;0;0;0
399;Kenny Tete;nl NED;DF;Fulham;25-072;1995;1.4;5;3.52;5;0;0;0;0;0;1;0.70;1;0;0;0;0;0;0
400;Luke Thomas;eng ENG;DF;Leicester City;;;2.0;1;0.50;0;0;0;0;0;1;0;0.00;0;0;0;0;0;0;0
401;Youri Tielemans;be BEL;MF;Leicester City;23-227;1997;13.0;26;2.00;21;1;1;2;0;1;6;0.46;6;0;0;0;0;0;0
402;Kieran Tierney;sco SCO;DF;Arsenal;23-198;1997;12.9;28;2.17;21;2;2;1;2;0;0;0.00;0;0;0;0;0;0;0
403;James Tomkins;eng ENG;DF;Crystal Palace;31-266;1989;0.3;0;0.00;0;0;0;0;0;0;0;0.00;0;0;0;0;0;0;0
404;Fikayo Tomori;eng ENG;DF;Chelsea;23-001;1997;0.5;0;0.00;0;0;0;0;0;0;0;0.00;0;0;0;0;0;0;0
405;Ferrán Torres;es ESP;FW;Manchester City;20-295;2000;5.5;11;2.01;9;0;1;0;1;0;2;0.37;2;0;0;0;0;0;0
406;Cenk Tosun;tr TUR;FW;Everton;29-196;1991;0.4;2;5.00;2;0;0;0;0;0;1;2.50;1;0;0;0;0;0;0
407;Andros Townsend;eng ENG;MF;Crystal Palace;29-157;1991;10.3;25;2.44;17;6;2;0;0;0;4;0.39;3;1;0;0;0;0;0
408;Conor Townsend;eng ENG;DF;West Brom;27-291;1993;7.8;8;1.02;8;0;0;0;0;0;0;0.00;0;0;0;0;0;0;0
409;Adama Traoré;es ESP;FW,DF;Wolves;24-330;1996;8.2;34;4.16;20;0;6;1;6;1;0;0.00;0;0;0;0;0;0;0
410;Bertrand Traoré;bf BFA;FW,MF;Aston Villa;25-105;1995;3.5;7;2.01;1;3;1;0;2;0;1;0.29;0;1;0;0;0;0;0
411;Trézéguet;eg EGY;FW;Aston Villa;26-080;1994;8.0;22;2.77;15;0;1;3;3;0;1;0.13;1;0;0;0;0;0;0
412;Leandro Trossard;be BEL;FW,MF;Brighton;26-016;1994;8.2;25;3.04;18;4;0;2;0;1;3;0.36;2;0;0;1;0;0;0
413;Axel Tuanzebe;eng ENG;DF;Manchester Utd;23-036;1997;0.3;0;0.00;0;0;0;0;0;0;0;0.00;0;0;0;0;0;0;0
414;Cengiz Ünder;tr TUR;MF,FW;Leicester City;23-159;1997;2.3;8;3.48;7;0;0;1;0;0;2;0.87;2;0;0;0;0;0;0
415;Jamie Vardy;eng ENG;FW;Leicester City;33-344;1987;11.2;20;1.78;12;0;3;2;3;0;9;0.80;4;0;1;1;3;0;0
416;Joël Veltman;nl NED;DF;Brighton;28-340;1992;7.1;9;1.28;5;2;0;0;1;1;0;0.00;0;0;0;0;0;0;0
417;Jannik Vestergaard;dk DEN;DF;Southampton;28-139;1992;12.5;10;0.80;10;0;0;0;0;0;2;0.16;2;0;0;0;0;0;0
418;Rúben Vinagre;pt POR;DF;Wolves;21-255;1999;1.9;0;0.00;0;0;0;0;0;0;0;0.00;0;0;0;0;0;0;0
419;Carlos Vinícius;br BRA;FW,MF;Tottenham;25-273;1995;0.1;1;7.50;1;0;0;0;0;0;0;0.00;0;0;0;0;0;0;0
420;Vitinha;pt POR;MF;Wolves;20-311;2000;0.5;4;8.57;3;0;1;0;0;0;1;2.14;1;0;0;0;0;0;0
421;Matěj Vydra;cz CZE;FW;Burnley;28-233;1992;1.9;7;3.60;2;0;3;2;0;0;0;0.00;0;0;0;0;0;0;0
422;Theo Walcott;eng ENG;FW;Everton;31-279;1989;0.1;0;0.00;0;0;0;0;0;0;0;0.00;0;0;0;0;0;0;0
423;Theo Walcott;eng ENG;MF,FW;Southampton;31-279;1989;8.3;13;1.57;8;0;1;2;2;0;3;0.36;1;0;0;1;1;0;0
424;Kyle Walker;eng ENG;DF;Manchester City;30-206;1990;11.0;14;1.27;12;2;0;0;0;0;3;0.27;2;1;0;0;0;0;0
425;Kyle Walker-Peters;eng ENG;DF;Southampton;23-251;1997;14.0;19;1.36;15;0;0;1;2;1;6;0.43;3;0;0;0;2;1;0
426;Aaron Wan-Bissaka;eng ENG;DF;Manchester Utd;23-024;1997;11.0;16;1.45;13;1;0;1;0;1;3;0.27;3;0;0;0;0;0;0
427;Joel Ward;eng ENG;DF;Crystal Palace;31-052;1989;6.0;6;1.00;5;1;0;0;0;0;2;0.33;2;0;0;0;0;0;0
428;James Ward-Prowse;eng ENG;MF;Southampton;26-049;1994;14.0;32;2.29;15;15;0;0;2;0;5;0.36;2;3;0;0;0;0;0
429;Ollie Watkins;eng ENG;FW;Aston Villa;24-356;1995;11.0;28;2.55;21;0;3;2;0;2;4;0.36;3;0;0;1;0;0;0
430;Adam Webster;eng ENG;DF;Brighton;25-351;1995;12.0;11;0.92;11;0;0;0;0;0;0;0.00;0;0;0;0;0;0;0
431;Danny Welbeck;eng ENG;FW;Brighton;30-024;1990;5.7;14;2.45;7;0;3;2;2;0;1;0.18;0;0;0;0;1;0;0
432;Timo Werner;de GER;FW;Chelsea;24-289;1996;12.4;40;3.23;26;0;4;5;5;0;9;0.73;6;0;2;0;1;0;0
433;Ashley Westwood;eng ENG;MF;Burnley;30-263;1990;12.0;31;2.58;23;7;0;0;1;0;1;0.08;1;0;0;0;0;0;0
434;Ben White;eng ENG;DF,MF;Brighton;23-073;1997;12.8;11;0.86;9;0;0;0;0;2;3;0.24;3;0;0;0;0;0;0
435;Georginio Wijnaldum;nl NED;MF;Liverpool;30-039;1990;12.8;17;1.33;13;0;1;1;2;0;1;0.08;0;0;0;1;0;0;0
436;Brandon Williams;eng ENG;DF;Manchester Utd;20-108;2000;0.1;0;0.00;0;0;0;0;0;0;0;0.00;0;0;0;0;0;0;0
437;Neco Williams;wal WAL;DF;Liverpool;19-251;2001;1.9;2;1.04;2;0;0;0;0;0;0;0.00;0;0;0;0;0;0;0
438;Rhys Williams;eng ENG;DF;Liverpool;19-321;2001;1.0;1;1.00;1;0;0;0;0;0;0;0.00;0;0;0;0;0;0;0
439;Willian;br BRA;FW,MF;Arsenal;32-133;1988;9.8;30;3.06;20;6;0;1;3;0;5;0.51;3;1;0;1;0;0;0
440;Joe Willock;eng ENG;MF;Arsenal;21-122;1999;2.2;6;2.74;6;0;0;0;0;0;0;0.00;0;0;0;0;0;0;0
441;Callum Wilson;eng ENG;FW;Newcastle Utd;28-297;1992;11.7;27;2.30;16;0;3;1;6;1;8;0.68;4;0;0;1;3;0;0
442;Harry Winks;eng ENG;MF;Tottenham;24-322;1996;2.9;1;0.35;1;0;0;0;0;0;0;0.00;0;0;0;0;0;0;0
443;Chris Wood;nz NZL;FW;Burnley;29-013;1991;11.3;10;0.88;9;0;0;0;0;1;0;0.00;0;0;0;0;0;0;0
444;Granit Xhaka;ch SUI;MF,DF;Arsenal;28-084;1992;8.1;9;1.12;7;0;0;1;1;0;0;0.00;0;0;0;0;0;0;0
445;Andriy Yarmolenko;ua UKR;FW;West Ham;31-058;1989;1.3;6;4.78;4;1;0;0;1;0;1;0.80;1;0;0;0;0;0;0
446;DeAndre Yedlin;us USA;DF;Newcastle Utd;27-164;1993;1.1;1;0.95;1;0;0;0;0;0;0;0.00;0;0;0;0;0;0;0
447;Wilfried Zaha;ci CIV;FW;Crystal Palace;28-040;1992;11.9;31;2.61;22;0;7;1;1;0;5;0.42;4;0;1;0;0;0;0
448;Andre-Frank Zambo Anguissa;cm CMR;MF;Fulham;25-034;1995;12.3;26;2.12;18;0;5;0;3;0;4;0.33;2;0;2;0;0;0;0
449;Oleksandr Zinchenko;ua UKR;DF;Manchester City;24-005;1996;0.1;0;0.00;0;0;0;0;0;0;0;0.00;0;0;0;0;0;0;0
450;Hakim Ziyech;ma MAR;FW;Chelsea;27-276;1993;4.3;25;5.80;20;3;0;1;1;0;6;1.39;5;1;0;0;0;0;0
451;Kurt Zouma;fr FRA;DF;Chelsea;26-054;1994;12.0;6;0.50;5;0;0;1;0;0;0;0.00;0;0;0;0;0;0;0